<?xml version="1.0" encoding="UTF-8"?>
<channel name="xfce4-desktop" version="1.0">
  <property name="backdrop">
    <property name="screen0">
      <property name="monitor0">
        <property name="workspace0">
          <property name="last-image" type="string" value="/usr/share/images/desktop-base/default"/>
          <property name="image-style" type="int" value="3"/>
          <property name="image-show" type="bool" value="true"/>
        </property>
      </property>
    </property>
  </property>
</channel>
